<?xml content='ascii'?>
<!--
/***************************************************************************
\
/  Copyright (c) Axway 2006-2016 - Axway Transfer CFT
\***************************************************************************
-->

<!-- Filter Model for the CFTUTIL DISPLAY command
CFTUTIL DISPLAY
                listcat-parameters
                + content= | STR                <- nothing means first available
                + fmodel = DSPCNF | STR         <- DSPCNF is system dependant : ex.: UNIX/Windows is DSPCNF an environment variable
                + mode   = ANY | column | line  <- ANY means use the model's
                + na     = ANY | STR            <- idem
                + empty  = ANY | STR            <- idem
                + help   = NONE | FIELDS | MODELS

<CFTDisplayFilter
        id='STR'
        mode            = 'column|line'
        title_size      = '-1|NUM'              <- apply only in line mode
        title_align     = 'left|center|right'   <- apply only in line mode
        line_prefix     = '|STR'
        line_suffix     = '\n|STR'
        default_prefix  = '|STR'
        default_suffix  = ' |\n|STR'            <- default is ' ' in column mode and '\n' in line mode
        default_empty   = '-|STR'
        default_na      = '#|STR'
        >
        <Fields>
                <Field  id        = 'ID'
                                title     = 'id|STR'   <- default uses the id for the title name
                                maxlength = '-1|NUM'   <- default(-1) means that no length is used
                                minlength = '-1|NUM'
                                prefix    = '|STR'
                                suffix    = '|STR'
                                align     = 'left|center|right'
                                na        = '|STR'
                                empty     = '|STR'
                />
        <Fields>
<CFTDisplayFilter>
-->

<!-- LISTCAT Model : classical CFTUTIL LISTCAT with long IDs -->
<!-- LISTCAT Model : classical CFTUTIL LISTCAT with long IDs -->
<CFTDisplayFilter       id              ='listcat'
                        title_align     ='right'>
        <Fields>
                
        	<Field id='FDATE' title='Date' maxlength='8'/>
	        <Field id='FTIME' title='Time' maxlength='6'/>
		    <Field id='DIRECT'      title='Direction'       maxlength='1' suffix='' />
            <Field id='TYPE'        title='Type'            maxlength='1' suffix='' />
            <Field id='PHASE'       title='Phase'           maxlength='1' suffix='' />
            <Field id='PHASESTEP'   title='Step'            maxlength='1' suffix='' />
            <Field id='ACK'         title='Ack'             maxlength='1' />
            <Field id='PART'        title='Target CFT (Part)' 		minlength='15' maxlength='20' />
			<Field id='SOURCEAPPL'        title='Source Appl' 		minlength='15' maxlength='20' />
			<Field id='TARGETAPPL'        title='Target Appl' 		minlength='15' maxlength='20' />
      	    <Field id='IDF'         title='IDF'             minlength='15' maxlength='32'/>
            <Field id='IDTU'        title='IDTU'   />
            <Field id='IDT'         title='IDT'   />
            <Field id='FNAME'       title='Local File Name' minlength='5' maxlength='100' />
			<Field id='DIAGI'       title='Diagi'   />
			<Field id='DIAGP'       title='Diagp'   />
        </Fields>
</CFTDisplayFilter>
<!-- DEBUG Model -->
<CFTDisplayFilter       id              ='debug'
                        mode            ='line'
                        title_align     ='left'
                        line_prefix     ='<FIELD \t'
                        line_suffix     ='/>\n'
                        default_prefix  = "'"
                        default_suffix  = "'\n\t"
                        default_empty   = ''
                        default_na      = '########' >
        <Fields>
        <Field id='MSG'/>
        <Field id='FSTATE'/>
        <Field id='FORG'/>
        <Field id='NORG'/>
        <Field id='FRECFM'/>
        <Field id='NRECFM'/>
        <Field id='FRECFMX'/>
        <Field id='NRECFMX'/>
        <Field id='FTYPE'/>
        <Field id='NTYPE'/>
        <Field id='FCHARSET'/>
        <Field id='NCHARSET'/>
        <Field id='FDBCOMP'/>
        <Field id='FDB'/>
        <Field id='FVER'/>
        <Field id='NFVER'/>
        <Field id='WORKINGDIR'/>
        <Field id='FNAME'/>
        <Field id='NFNAME'/>
        <Field id='FTNAME'/>
        <Field id='SELFNAME'/>
        <Field id='SFNAME'/>
        <Field id='SIGFNAME'/>
        <Field id='FCOMP'/>
        <Field id='FCAR'/>
        <Field id='NCAR'/>
        <Field id='FREC'/>
        <Field id='NREC'/>
        <Field id='FACC'/>
        <Field id='ECAR'/>
        <Field id='FSPACE'/>
        <Field id='NSPACE'/>
        <Field id='FSPACES'/>
        <Field id='FLRECL'/>
        <Field id='NLRECL'/>
        <Field id='FBLKSIZE'/>
        <Field id='NBLKSIZE'/>
        <Field id='FKEYSIZE'/>
        <Field id='NKEYSIZE'/>
        <Field id='FKEYPOS'/>
        <Field id='NKEYPOS'/>
        <Field id='LUNIT'/>
        <Field id='OUNIT'/>
        <Field id='LUNITC'/>
        <Field id='OUNITc'/>
        <Field id='LPATH'/>
        <Field id='OPATH'/>
        <Field id='LRACINE'/>
        <Field id='ORACINE'/>
        <Field id='LSUFFIX'/>
        <Field id='OSUFFIX'/>
        <Field id='LUNIT_R'/>
        <Field id='OUNIT_R'/>
        <Field id='LUNITC_R'/>
        <Field id='OUNITC_R'/>
        <Field id='LPATH_R'/>
        <Field id='OPATH_R'/>
        <Field id='LRACINE_R'/>
        <Field id='ORACINE_R'/>
        <Field id='LSUFFIX_R'/>
        <Field id='OSUFFIX_R'/>
        <Field id='NCHKPT'/>
        <Field id='BLKNUM'/>
        <Field id='BLKNUM_NEXT'/>
        <Field id='IDTU'/>
        <Field id='PIDTU'/>
        <Field id='CFTV'/>
        <Field id='TYPE'/>
        <Field id='MODE'/>
        <Field id='DIRECT'/>
        <Field id='STATE'/>
        <Field id='COMPATSTATE'/>
        <Field id='ACK'/>
        <Field id='PHASE'/>
        <Field id='PHASESTEP'/>
        <Field id='RMSG'/>
        <Field id='PRIORITY'/>
        <Field id='SENTINEL'/>
        <Field id='NTF'/>
        <Field id='TRKR'/>
        <Field id='PART'/>
        <Field id='IDF'/>
        <Field id='IDT'/>
        <Field id='DATEB'/>
        <Field id='TIMEB'/>
        <Field id='DATEE'/>
        <Field id='TIMEE'/>
        <Field id='DATEK'/>
        <Field id='TIMEK'/>
        <Field id='TIMMC'/>
        <Field id='TIMMAXC'/>
        <Field id='DATED'/>
        <Field id='TIMED'/>
        <Field id='MINDATE'/>
        <Field id='MINTIME'/>
        <Field id='MAXDATE'/>
        <Field id='MAXTIME'/>
        <Field id='CYCDATE'/>
        <Field id='CYCTIME'/>
        <Field id='TCYCLE'/>
        <Field id='CYCLE'/>
        <Field id='FDATE'/>
        <Field id='FTIME'/>
        <Field id='RELANCE'/>
        <Field id='PROTOCOL'/>
        <Field id='DEST'/>
        <Field id='IDTD'/>
        <Field id='NIDT'/>
        <Field id='NIDF'/>
        <Field id='PIDF'/>
        <Field id='IDEXIT'/>
        <Field id='IDEXITEOT'/>
        <Field id='IDEXITA'/>
        <Field id='IDEXITE'/>
        <Field id='NPART'/>
        <Field id='GROUP'/>
        <Field id='IPART'/>
        <Field id='SPART'/>
        <Field id='RPART'/>
        <Field id='NSPART'/>
        <Field id='NRPART'/>
        <Field id='NORIG'/>
        <Field id='NDEST'/>
        <Field id='IDAPPL'/>
        <Field id='SAPPL'/>
        <Field id='RAPPL'/>
        <Field id='APPSTATE'/>
        <Field id='PARM'/>
        <Field id='COMMENT'/>
        <Field id='IDA'/>
        <Field id='XLATE'/>
        <Field id='SUSER'/>
        <Field id='RUSER'/>
        <Field id='USERID'/>
        <Field id='GROUPID'/>
        <Field id='ORIGIN'/>
        <Field id='REQUSER'/>
        <Field id='REQGROUP'/>
        <Field id='JOBNAME'/>
        <Field id='SSLMODE'/>
        <Field id='SSLAUTH'/>
        <Field id='SSLCIPH'/>
        <Field id='SSLPARM'/>
        <Field id='SSLRMUS'/>
        <Field id='SSLRMCA'/>
        <Field id='SSLUSER'/>
        <Field id='SSLFNAM'/>
        <Field id='SSLPROF'/>
        <Field id='DIFTYP'/>
        <Field id='FILTYP'/>
        <Field id='NCOMP'/>
        <Field id='FDISP'/>
        <Field id='FACTION'/>
        <Field id='FCODE'/>
        <Field id='NCODE'/>
        <Field id='FSYST'/>
        <Field id='NSYST'/>
        <Field id='FILES'/>
        <Field id='MKDIR'/>
        <Field id='DIAGI'/>
        <Field id='DIAGP'/>
        <Field id='DIAGC'/>
        <Field id='NOTIFY'/>
        <Field id='PROTTYPE'/>
        <Field id='PROPRF'/>
        <Field id='PROVER'/>
        <Field id='PROTNUM'/>
        <Field id='NETTYP'/>
        <Field id='NDAYS'/>
        <Field id='NRST'/>
        <Field id='TIMES'/>
        <Field id='RETRY'/>
        <Field id='RETRYN'/>
        <Field id='RETRYM'/>
        <Field id='RETRYW'/>
        <Field id='RETRYP'/>
        <Field id='RETRYC'/>
        <Field id='DIALNUM'/>
        <Field id='DIALNO'/>
        <!-- Pre-processing -->
        <Field id='PREEXEC'/>
        <Field id='PREMINTIME'/>
        <Field id='PREMINDATE'/>
        <Field id='PRESTATE'/>
        <Field id='PRETIMEOUT'/>
        <!-- Post-processing -->
        <Field id='EXEC'/>
        <Field id='EXECE'/>
        <Field id='POSTMINDATE'/>
        <Field id='POSTMINTIME'/>
        <Field id='POSTSTATE'/>
        <Field id='POSTTIMEOUT'/>
        <!-- Ack-processing -->
        <Field id='ACKEXEC'/>
        <Field id='ACKMINDATE'/>
        <Field id='ACKMINTIME'/>
        <Field id='ACKSTATE'/>
        <Field id='ACKTIMEOUT'/>
        <!-- Counters for generic transfer only -->
        <Field id='N_PREPROCESS'/>
        <Field id='N_PREPROCESS_ERR'/>
        <Field id='LNUM'/>
        <Field id='FNUM'/>
        <Field id='COUNTERR'/>
        <Field id='N_POSTPROCESS'/>
        <Field id='N_POSTPROCESS_ERR'/>
        <Field id='N_ACKPROCESS'/>
        <Field id='N_ACKPROCESS_ERR'/>
        <Field id='N_ACKPROT_PENDING'/>
        <Field id='N_NACKPROT_RECV'/>
        <!-- Execution policy -->
        <Field id='DESTEXECPRE'/>
        <Field id='DESTEXEC'/>
        <Field id='DESTEXECA'/>
        <Field id='EXECSUBPRE'/>
        <Field id='EXECSUB'/>
        <Field id='EXECSUBA'/>
        <Field id='OPERMSG'/>
        <Field id='COMMUT'/>
        <Field id='COMMUTRVA'/>
        <Field id='MACTION'/>
        <Field id='DIRNB'/>
        <Field id='TYPEF'/>
        <Field id='SAVTYPF'/>
        <Field id='RKERROR'/>
        <Field id='SAVSTATE'/>
        <Field id='STATIMPL'/>
        <Field id='ISELECT'/>
        <Field id='PROTPHASE'/>
        <Field id='SMINFNM'/>
        <Field id='SMINUSR'/>
        <Field id='NEXTDATE'/>
        <Field id='NEXTTIME'/>
        <Field id='COS'/>
        <Field id='WTIMEOUT'/>
        <Field id='WSTATES'/>
        <Field id='DELETE'/>
        <Field id='FDELETE'/>
        <Field id='DUPLICATE'/>
        <Field id='NODEID'/>
        <Field id='FPAD'/>
        <Field id='NPAD'/>
        <Field id='TYPCOMMUT'/>
        <Field id='EXECRALL'/>
        <Field id='MAXDURATION'/>
        <Field id='SOURCEAPPL'/>
        <Field id='TARGETAPPL'/>
        <Field id='FLOWNAME'/>
        <Field id='ISRELAY'/>
        <Field id='RIDTU'/>
        <Field id='FILENOTFOUND'/>
        <Field id='SERIAL'/>
        </Fields>
</CFTDisplayFilter>

<CFTDisplayFilter       id              ='msg'
                        mode            ='line'
                        title_align     ='left'
                        line_prefix     =''
                        line_suffix     =''
                        default_separator=''
                        default_prefix  = ""
                        default_suffix  = ""
                        default_empty   = ''
                        default_na      = '########' >
        <Fields>
        <Field title='' id='MSG'/>
        </Fields>
</CFTDisplayFilter>
